Index,Keyword,Tweets
0,youtube,: BATUU FOOD AND CHARACTERS | STAR WARS GALAXY'S EDGE via
1,youtube,": âLight Years Awayâ Official MV has finally reached 200,000,000 views on Youtube! Itâs also the first Chinese song to hit 200,â¦"
2,youtube,": Canât believe itâs already been a year Johfam! Thank you guys always for loving! Johnnyâs Communication Center, JCC, letâ¦"
3,youtube,": It's !!!Ho-ho-ho!-that reindeer guy,so full of cheer is almost here!His eyes twinkle and beguile ,with aâ¦"
4,youtube,This must be also a BJP agent... what you say... sir.. ye hindustan par hamla he.. ye log sâ¦
5,youtube,": Flight 555 Has DockeD, Please Exit The Stage Left... BATTLE BORN...&lt;---BB2 Understand.â¦"
6,youtube,Ateez doing Boy With Luv cover and that too perfectly. Thus was the best cover and San doing JK's parts was amazing
7,youtube,10 things every guitarist needs/wants (gift ideas!)
8,youtube,: [WayV-log] WayV before you in Bangkok -URL:
9,youtube,": Hey Youtube authority, Stab a fork into your eyeballs on this tweet, A YouTube Channel named: . This channel iâ¦"
10,youtube,": heâs so gorgeousssssss,,,,,"
11,youtube,": Canât believe itâs already been a year Johfam! Thank you guys always for loving! Johnnyâs Communication Center, JCC, letâ¦"
12,youtube,U.S. Ambassador Mark Lippert victim of South Korean hero worship :
13,youtube,: An eight-year-old boy who reviews toys on YouTube has been named by Forbes as the platform's highest earner in 2019.
14,youtube,: calling ALL ARMYs! PLEASE vote for our Kim Taehyung for Global Golden Hand! 1. Watch the Video ï¸
15,youtube,Check out uses for tea tree oil. A
16,youtube,The Chanucorn Hits the Big Time
17,youtube,This is DA COCONUT NUT's Insane Cousin
18,youtube,: The Rose MYX Interview
19,youtube,All attention is on the impeachment show. Meanwhile... Republicans pushed through 11 more judges.
20,youtube,: Everyday is a hustle to prove we're more than just a t0x1c fandom. Reading most of the matured ARMYs' comments and thoseâ¦
21,youtube,China's new aircraft carrier challenges the US aircraft carrier in the d... via
22,youtube,: Do Follow him at Instagram - .official and on Twitter - And please guys do participate in youtubâ¦
23,youtube,Take a look-------&gt;Amazing Smart Watch 2019 via
24,youtube,: We agree with and at Afterbuzz that should writeâ¦
25,youtube,: You are not alone my dear - Sri Sri Ravi Shankar
26,youtube,": My Future of Farming conversation with David Hulme is now available on YouTube,"
27,youtube,": We request please restore the YouTube account of Sumit sir."" Onlyiasâ¦"
28,youtube,YouTube URL: Wolverine was lightning in a bottle. This was the issue that kicked off tâ¦
29,youtube,AP Top Stories December 20 A
30,youtube,Meet The Real Cold War Spies Of BRIXMIS â¢ FULL DOCUMENTARY | Forces TV via
31,youtube,: YouTube Update (19/12) Shallow: 761.333.082 (+573.558)
32,youtube,: The Rose MYX Interview
33,youtube,": We received a lot of love during our ""Go Up"" promotions! To give you a special treat and to conclude, here's the dance viâ¦"
34,youtube,Raydio - Jack And Jill
35,youtube,": One of the most reliance is blocked by , . Please look after it as sooâ¦"
36,youtube,: STARKâs Golden Hands Award voting will end at 12am kst. Keep voting and streaming. We are leading in both votes and video viewâ¦
37,youtube,: Blessed by master GabeN Thanks for all the birthday wishes Smiley Face
38,youtube,: [WayV-log] WayV before you in Bangkok -URL:
39,youtube,: Youâre loved more than you know. The animated music video for beautiful is live! Big thanks to and â¦
40,youtube,": Harry Styles &amp; Stormzy - Vossi Bop Electric Ballroom, London 19/12/19 via"
41,youtube,: Someone hacked my favorite online platform that provides valuable information for civil service exam. I humbly requestâ¦
42,youtube,"ay, am I the only one with 7 diferent Youtube windows open at the same time with just Music videos and all of themâ¦"
43,youtube,": Kudos to the braveheart warrior women, who marry men who feel despondent. The inspiration and guidance by saâ¦"
44,youtube,JAMES WISEMAN Leave Memphis TIGERS For NBA Draft 3
45,youtube,: Hardstyle Baby official lyric video in premiere now!!!
46,youtube,cancer rising nation make some noise via
47,youtube,: The Fall Big New Prinz
48,youtube,UNFAIR PROCESS: Doug Collins says Republicans will return favor in Senat... via
49,youtube,"Watch ""Anansi is my God"" on YouTube"
50,youtube,: pulled up for full breakdown of âhighway to heavenâ:
51,youtube,Examples: A Different Way to Solve Quadratic Equations via
52,youtube,Making sustainable the norm requires inclusivity and solidarity. RSPO's Eli Dziwornu introduces the RSPOâ¦
53,youtube,: [Update ] HyelinTV subscribers count- 99.3k ï¸99.4K ï¸ LETS KEEP ON GOING LEGGOS ~Road To 100K Subscribers before 20â¦
54,youtube,Last nights upload involves a massive game against City! â¦
55,youtube,": âï¸ the nowhere girls, refrigerator kitten, goodreads goal, &amp; sips by tea review âï¸"
56,youtube,: Please restore this channel named . It's our humble request to take propeâ¦
57,youtube,": Davido - Sweet in the Middle ft. Wurld, Naira Marley, Zlatan via"
58,youtube,Free / Soon I Will Be Gone
59,youtube,A silly song to smile about today Might not believe me But trust me when I say Today's a new day Common Kings -â¦
60,youtube,CHUNG HA - Chica &amp; Snapping [Music Bank / 2019.12.20] via
61,youtube,: KB Bank Korea Open Banking AD || Jimin Version YThttps:// Don't forget to / the video &amp; show your supâ¦
62,youtube,: STARKâs Golden Hands Award voting will end at 12am kst. Keep voting and streaming. We are leading in both votes and video viewâ¦
63,youtube,": The king of dance is back with the most iconic song!ð¤© , song out tomorrow at 11 am!"
64,youtube,": ""Fiiive golden lings!?"" ð¤£ Abangan ang pa-aginaldo from the Starmates coming out tomorrow on our YouTube channel!!! â¦"
65,youtube,: [201219] Update [WayV-log] WayV before you in Bangkok YouTube : â¦
66,youtube,": Walk Away ... The Root Of All Must . That EMPIRE (IS) ToasT, Now For The Gold.. Whereâ¦"
67,youtube,Ronaldo's insane goal with a giant leap. He dint know he jumped that high
68,youtube,: Walking Next To People | DBGOD
69,youtube,: The women of who became the face of protests. I share the story because of the hours RW media spent on forensicallyâ¦
70,youtube,: Flawless marble skin! Watch here â¶
71,youtube,": âDont Try to understand it , Feel It â From the master âNolanâ TENET - Official Trailer"
72,youtube,": After our prosecution case against Boris Johnson was shutdown, I told you all I would find out what was happening behind tâ¦"
73,youtube,This is what I look forward to every Monday and Friday morning. It's helped me out the past month or two and forgetâ¦
74,youtube,: I've got an old church choir Singing in my soul
75,youtube,: The poll is still not closed and we don't know what time it be since its not mentioning but the date is until Dec 20 Soâ¦
76,youtube,": Get ready for the edition of , starting at 2:30pm UK on Dec 20th! We're going to be dropping into diffâ¦"
77,youtube,: joy appeared on g-friend vlog! when yerin came to watch la rouge ð¥°
78,youtube,: Out now!!! ï¸ New video (Make My Wish Come True Edition) â¦
79,youtube,: Happy Birthday Nazriya Nazim !! A Special Dedication to the Expression Queen !!
80,youtube,: IT'z TOURBOOK EP01 Subtitles available now on YouTube! â¦
81,youtube,So terrific!
82,youtube,": ""My Prison Without Bars"" by Taylor Evan Fulks via"
83,youtube,: Now Our mentors are locked out of their contents and unable to access thâ¦
84,youtube,: [WayV-log] WayV before you in Bangkok -URL:
85,youtube,"While boeing is still not live on their site, NASA is already streaming"
86,youtube,Idk y Iâm still up Iâve been on YouTube alllllll night
87,youtube,VIDEO: The end of work as we know it. â¦
88,youtube,15 de diciembre Honeybee - The Head And The Heart
89,youtube,": 3d printing lower trigger,hammer Not tight double tap video"
90,youtube,ZAT YOU SANTA CLAUS - Kenny Wayne Shepherd Band via
91,youtube,: Reach Update Now Hits 99.4 M+ Views Need 600k views to Reach 100M Note : This Lyrical video releâ¦
92,youtube,"Watch our YouTube channel , Latest and True Public Reaction &amp; opinion Link given below"
93,youtube,": TWICE TV ""TWICE CLASSIC"""
94,youtube,More on it here.
95,youtube,"The Girl With The Dragon Tattoo ""Torture"" Scene - Daniel ... via"
96,youtube,": Our video on ""Autism &amp; Coping with Holidays."""
97,youtube,: 191220 - NCT 127 Twitter Update this is the picture they took while filming the JCC episode!
98,youtube,": TWICE TV ""TWICE CLASSIC"""
99,youtube,Thambi Team Interview | Jyotika's SEMA Fun Speech!! | Karthi's Ultimate Reaction â¦
